Name,Pos,Bats,Thr,Proj WAR,Med Years,Med Total,Med AAV
Kyle Schwarber,DH,L,R,2.968418,4,1.12E+08,28000000
Cody Bellinger,RF/CF/LF/1B,L,L,3.028657,5,1.35E+08,27000000
Kyle Tucker,RF/LF,L,R,4.395064,8,2.8E+08,35000000
Ranger Suárez,SP,L,L,3.266847,5,1.25E+08,25000000
Framber Valdez,SP,R,L,3.679107,5,1.4E+08,28000000
Bo Bichette,SS/2B/3B,R,R,3.965896,7,1.89E+08,27000000
Eugenio Suárez,3B,R,R,2.661582,3,60000000,20000000
Pete Alonso,1B,R,R,2.609683,4,1.07E+08,26700000
Alex Bregman,3B,R,R,3.880632,5,1.55E+08,31000000
Dylan Cease,SP,R,R,3.787735,5,1.3E+08,26000000
Harrison Bader,CF/LF/RF,R,R,1.477514,2,24000000,12000000
Trent Grisham,CF,L,L,2.67758,3,54000000,18000000
Josh Naylor,1B,L,L,2.667857,4,80000000,20000000
Merrill Kelly,SP,R,R,2.490129,2,32000000,16000000
Ryan O'Hearn,1B/RF/LF,L,L,1.38216,2,24000000,12000000
Jorge Polanco,2B/3B,S,R,2.342333,2,28600000,14300000
Gleyber Torres,2B,R,R,2.959051,4,72000000,18000000
Chris Bassitt,SP,R,R,2.090174,2,36000000,18000000
Mike Yastrzemski,RF/LF/CF,L,L,1.24055,1,10000000,10000000
Adrian Houser,SP,R,R,1.179827,0,0,0
Justin Verlander,SP,R,R,1.56529,1,15000000,15000000
Nick Martinez,SP,L,R,1.310927,1.5,21450000,14300000
J.T. Realmuto,C,R,R,1.870513,2,30000000,15000000
Edwin Díaz,RP,R,R,1.282878,4,84000000,21000000
Lucas Giolito,SP,R,R,1.223097,2,36000000,18000000
Tyler Mahle,SP,R,R,1.473267,2,32000000,16000000
Robert Suarez,RP,R,R,0.773448,2,30000000,15000000
Patrick Corbin,SP,L,L,1.139753,,0,
Brandon Woodruff,SP,L,R,2.955888,3,66000000,22000000
Miguel Rojas,SS/2B/3B,R,R,0.763857,,0,
Sean Newcomb,RP,L,L,0.455927,1,5000000,5000000
Phil Maton,RP,R,R,0.323249,1,5000000,5000000
Zack Littell,SP,R,R,1.721927,2,24000000,12000000
Mike Tauchman,RF/LF,L,L,0.880077,,0,
Devin Williams,RP,R,R,0.804224,3,42000000,14000000
Shawn Armstrong,RP,R,R,0.350776,1,4500000,4500000
Cedric Mullins,CF/LF/RF,L,L,1.275783,2,20000000,10000000
Tyler Rogers,RP,R,R,0.218224,1,8000000,8000000
Danny Jansen,C,R,R,1.032392,1,8000000,8000000
Brad Keller,RP,R,R,0.338801,2,12000000,6000000
Tyler Alexander,RP,R,L,0.056961,,0,
Austin Hays,LF/RF,R,R,0.393701,1,7000000,7000000
Michael Lorenzen,SP,R,R,0,1,8000000,8000000
Kyle Finnegan,RP,R,R,0.441461,1,7000000,7000000
Marcell Ozuna,DH,R,R,1.373802,1,12000000,12000000
Austin Hedges,C,R,R,0.772831,,0,
Caleb Thielbar,RP,R,L,0.462255,,0,
Steven Matz,RP,R,L,0.746404,,0,
Miguel Andujar,LF/RF/3B,R,R,1.200968,1,5000000,5000000
Michael Soroka,SP,R,R,1.440441,,0,
Ramón Urías,3B/2B/SS,R,R,0.707554,,0,
Zac Gallen,SP,R,R,2.338063,2,44000000,22000000
Emilio Pagán,RP,L,R,0.494531,1,7500000,7500000
Justin Wilson,RP,L,L,0.526665,,0,
Raisel Iglesias,RP,R,R,0.763726,1,12000000,12000000
Rob Refsnyder,RF/LF,R,R,0.557061,1,5000000,5000000
Pete Fairbanks,RP,R,R,0.727206,2,16000000,8000000
Hoby Milner,RP,L,L,0.263726,1,4000000,4000000
Griffin Canning,SP,R,R,0.985299,,0,
Tyler Kinley,RP,R,R,0.380648,,0,
Aaron Civale,SP,R,R,1.282989,1,8000000,8000000
Ty France,1B,R,R,0.452418,,0,
Shota Imanaga,SP,L,L,2.165847,2,38000000,19000000
Luis Arraez,1B/2B,L,R,1.522042,2,28000000,14000000
Rhys Hoskins,1B,R,R,0.657866,1,8000000,8000000
Seranthony Domínguez,RP,R,R,0.571249,2,16000000,8000000
Victor Caratini,C/1B,S,R,1.144663,1,6000000,6000000
Jose Quintana,SP,R,L,1.147519,1,7000000,7000000
Michael King,SP,R,R,2.836363,4,88000000,22000000
Martín Pérez,SP,L,L,1.178896,,0,
Caleb Ferguson,RP,R,L,0.341376,1,4000000,4000000
Dustin May,SP,R,R,1.502972,,0,
Paul Goldschmidt,1B,R,R,0.888539,1,8900000,8900000
Reese McGuire,C,L,R,0.920944,0,0,0
Luis García,RP,R,R,0.293497,0,0,0
Adolis García,RF/LF,R,R,1.089511,0,0,0
Adam Frazier,2B/3B/LF/RF,L,R,0.068685,0,0,0
Gregory Soto,RP,L,L,0.563737,0,0,0
James McCann,C,R,R,0.410731,0,0,0
Yoán Moncada,3B,S,R,1.115253,0,0,0
Kolby Allard,RP,L,L,-0.00255,0,0,0
Chris Paddack,SP,R,R,1.059047,1,7500000,7500000
Isiah Kiner-Falefa,SS/3B/2B,R,R,0.438587,1,6000000,6000000
Drew Pomeranz,RP,R,L,0.519112,1,4000000,4000000
Starling Marte,RF/LF,R,R,0.466647,1,7000000,7000000
Danny Coulombe,RP,L,L,0.371905,0,0,0
Shelby Miller,RP,R,R,0,0,0,0
Kenley Jansen,RP,S,R,0.299668,1,9000000,9000000
Max Kepler,RF/LF,L,L,0.88591,1,7000000,7000000
Mark Leiter Jr.,RP,R,R,0.433779,0,0,0
Jakob Junis,RP,R,R,0.341011,0,0,0
Chris Martin,RP,R,R,0.565815,0,0,0
Willi Castro,2B/3B/SS/OF,S,R,1.253648,0,0,0
Hunter Harvey,RP,R,R,0.795969,0,0,0
Luke Weaver,RP,R,R,0.383374,2,14000000,7000000
Amed Rosario,3B/2B/RF/LF,R,R,1.181594,0,0,0
Max Scherzer,SP,R,R,1.436407,1,12500000,12500000
Dominic Smith,1B,L,L,0.119308,0,0,0
Andy Ibáñez,3B/2B/1B,R,R,0.36099,0,0,0
Andrew Chafin,RP,R,L,0.250064,0,0,0
Elias Díaz,C,R,R,0.264765,0,0,0
Cal Quantrill,SP,L,R,0.558538,0,0,0
Ben Lively,SP,R,R,0,0,0,0
Albert Suárez,RP,R,R,0.152575,0,0,0
Taylor Clarke,RP,R,R,0.180575,0,0,0
Charlie Morton,SP,R,R,0.772865,0,0,0
Luke Maile,C,R,R,0.333825,0,0,0
Carlos Santana,1B,S,R,0.368475,1,6000000,6000000
Jake Fraley,LF/RF,L,L,0.709965,0,0,0
Ryan Brasier,RP,R,R,0.221642,0,0,0
Germán Márquez,SP,R,R,0.92259,0,0,0
Ha-Seong Kim,SS,R,R,2.397342,3,45000000,15000000
Miles Mikolas,SP,R,R,1.19418,0,0,0
Max Kranick,RP,R,R,0,0,0,0
Jorge López,RP,R,R,0.022443,0,0,0
Pierce Johnson,RP,R,R,0.348933,1,5000000,5000000
Christian Vázquez,C,R,R,0.758513,1,5000000,5000000
DJ LeMahieu,2B/1B/3B,R,R,0.113739,0,0,0
Ryan Helsley,RP,R,R,0.827085,2,21600000,10800000
Evan Phillips,RP,R,R,0.301131,0,0,0
Jacob Webb,RP,R,R,0.013025,0,0,0
Andrew Knizner,C,R,R,0.376287,0,0,0
Paul Blackburn,SP,R,R,1.01427,0,0,0
Ildemaro Vargas,3B/2B/SS/1B,S,R,0.244326,0,0,0
Jalen Beeks,RP,L,L,0.219057,0,0,0
Paul DeJong,SS/3B/2B,R,R,0.20313,0,0,0
Tommy Pham,LF/RF,R,R,0.495901,0,0,0
Josh Winckowski,RP,R,R,0.351012,0,0,0
Dauri Moreta,RP,R,R,0.240168,0,0,0
Tomás Nido,C,R,R,0.010705,0,0,0
Tim Anderson,SS/2B,R,R,-0.00588,0,0,0
Luis Urías,2B/3B/SS,R,R,0.486788,0,0,0
Scott Barlow,RP,R,R,0.278067,0,0,0
Tyler Anderson,SP,L,L,0.710616,0,0,0
Ryan Yarbrough,SP,R,L,0.066755,0,0,0
Luis Garcia,SP,R,R,,0,0,0
Rafael Montero,RP,R,R,0.008773,0,0,0
Brent Suter,RP,L,L,-0.01951,0,0,0
Marcus Stroman,SP,R,R,0.987404,1,8000000,8000000
Ryne Stanek,RP,R,R,0.232789,0,0,0
Josh Bell,1B,S,R,1.189958,1,5000000,5000000
Tomoyuki Sugano,SP,R,R,0.858909,0,0,0
Joey Lucchesi,RP,L,L,0.122668,0,0,0
Tanner Rainey,RP,R,R,-0.12428,0,0,0
Hunter Strickland,RP,R,R,-0.28796,0,0,0
Nick Sandlin,RP,R,R,0.087183,0,0,0
Ian Hamilton,RP,R,R,0.303615,0,0,0
Tim Mayza,RP,L,L,0.146088,0,0,0
Michael Kopech,RP,R,R,0.117079,0,0,0
Paul Sewald,RP,R,R,0.072958,0,0,0
Scott Effross,RP,R,R,-0.01316,0,0,0
Austin Slater,LF/RF,R,R,0.247893,0,0,0
Luis Rengifo,2B/3B,S,R,1.209677,0,0,0
Ryan Borucki,RP,L,L,0,0,0,0
Alex Lange,RP,R,R,0.054171,0,0,0
Craig Kimbrel,RP,R,R,0,0,0,0
Lou Trivino,RP,R,R,0.10499,0,0,0
José Urquidy,SP,R,R,0.252389,0,0,0
Frankie Montas,SP,R,R,0,0,0,0
Liam Hendriks,RP,R,R,0.151756,0,0,0
Mitch Garver,C,R,R,0.65397,1,5000000,5000000
Donovan Solano,3B/1B,R,R,0,0,0,0
T.J. McFarland,RP,L,L,-0.01471,0,0,0
Rowdy Tellez,1B,L,L,0.336741,0,0,0
Spencer Turnbull,SP,R,R,0.554883,0,0,0
José Castillo,RP,L,L,0.166882,0,0,0
José Ureña,SP,R,R,0.147755,0,0,0
Joel Payamps,RP,R,R,0.031603,0,0,0
Kirby Yates,RP,L,R,0.341263,1,5000000,5000000
Jesse Winker,RF/LF,L,L,0.975831,0,0,0
Tayler Saucedo,RP,L,L,0.034733,0,0,0
Michael Tonkin,RP,R,R,0.025113,0,0,0
Dylan Moore,2B/3B/SS/OF,R,R,0.549956,0,0,0
Mike Clevinger,SP,R,R,0.148976,0,0,0
Christopher Morel,LF/RF,R,R,0.503576,0,0,0
David Robertson,RP,R,R,0.396975,0,0,0
Chas McCormick,CF/RF/LF,R,L,0.192215,0,0,0
Andrew McCutchen,RF/LF,R,R,0.132498,0,0,0
Wade Miley,SP,L,L,0.392545,0,0,0
Gary Sánchez,C,R,R,0.681247,1,5000000,5000000
Miguel Castro,RP,R,R,-0.04476,0,0,0
Scott McGough,RP,R,R,0.046153,0,0,0
JJ Bleday,RF/LF/CF,L,L,0.841135,0,0,0
Tony Gonsolin,SP,R,R,0,0,0,0
Manuel Margot,CF/LF/RF,R,R,-0.04031,0,0,0
Joe Ross,RP,R,R,0.069436,0,0,0
Enrique Hernández,3B/2B/OF,R,R,0.233912,1,5000000,5000000
Carlos Carrasco,SP,R,R,0.041899,0,0,0
Kyle Hart,SP,L,L,0.207177,0,0,0
Luke Jackson,RP,R,R,0.032906,0,0,0
Nate Pearson,SP,R,R,0.377584,0,0,0
Colin Poche,RP,L,L,-0.19347,0,0,0
Dan Altavilla,RP,R,R,-0.00365,0,0,0
Jose Iglesias,2B/SS/3B,R,R,0.389831,0,0,0
Wilmer Flores,1B,R,R,0.120928,0,0,0
Gregory Santos,RP,R,R,0.231183,0,0,0
Kendall Graveman,RP,R,R,-0.01372,0,0,0
John Brebbia,RP,L,R,0.16461,0,0,0
Garrett Hampson,2B/SS/OF,R,R,-0.06085,0,0,0
Tommy Kahnle,RP,R,R,0.110263,0,0,0
Thairo Estrada,2B,R,R,0.707947,0,0,0
Zach Eflin,SP,R,R,2.012656,1,15000000,15000000
José Leclerc,RP,R,R,0.147203,0,0,0
Chris Flexen,RP,R,R,0.068493,0,0,0
Austin Barnes,C,R,R,0.125254,0,0,0
Jorge Alfaro,C,R,R,-0.02137,0,0,0
Eli Morgan,RP,R,R,-0.19517,0,0,0
Richard Lovelady,RP,L,L,0.078296,0,0,0
Justin Turner,1B/DH,R,R,0.084987,0,0,0
Trent Thornton,RP,R,R,-0.01366,0,0,0
Andrew Heaney,SP,L,L,0.875229,0,0,0
Brendan Rodgers,2B,R,R,0.185551,0,0,0
Walker Buehler,SP,R,R,0.696484,0,0,0
Santiago Espinal,2B/3B/SS/OF,R,R,0.311892,0,0,0
Tyler Wade,2B/SS/OF,L,R,-0.03076,0,0,0
Ryan Pressly,RP,R,R,0.359957,0,0,0
Nathaniel Lowe,1B,L,R,0.708148,0,0,0
Chris Taylor,2B/3B/OF,R,R,-0.01861,0,0,0
Dylan Carlson,LF/RF/CF,S,L,0.355137,0,0,0
Gio Urshela,3B,R,R,0.342205,0,0,0
Austin Gomber,SP,L,L,0.983798,0,0,0
Jordan Romano,RP,R,R,0.380014,0,0,0
Yuli Gurriel,1B,R,R,0,0,0,0
Randal Grichuk,RF/LF,R,R,0.496819,0,0,0
Jon Berti,3B/2B/SS,R,R,0.464628,0,0,0
John King,RP,L,L,0.161148,0,0,0
Jon Gray,SP,R,R,1.468783,0,0,0
Lucas Sims,RP,R,R,-0.36296,0,0,0
Colin Holderman,RP,R,R,0.116648,0,0,0
Jonah Heim,C,S,R,0.698369,0,0,0
Jorge Alcala,RP,R,R,0.161801,0,0,0
Lane Thomas,CF/RF/LF,R,R,0.720973,0,0,0
Jorge Mateo,SS/2B/3B/OF,R,R,0.33888,0,0,0
Jason Heyward,RF/LF,L,L,0,0,0,0
Jonathan Loáisiga,RP,R,R,0.302123,0,0,0
Scott Alexander,RP,L,L,0.042712,0,0,0
MJ Melendez,LF/RF,L,R,0.056611,0,0,0
MJ Melendez,LF/RF,L,R,-0.03001,0,0,0
Michael Conforto,LF/RF,L,R,0.406596,0,0,0
Mark Canha,LF/RF/1B,R,R,0.084711,0,0,0
Kevin Newman,2B/SS/3B,R,R,0.038678,0,0,0
Jeimer Candelario,1B/3B,S,R,-0.0986,0,0,0
Leody Taveras,CF/RF/LF,S,R,0.339111,0,0,0
Orlando Arcia,SS/3B/2B/1B,R,R,0.472658,0,0,0
Génesis Cabrera,RP,L,L,-0.02116,0,0,0
Alex Verdugo,RF/LF,L,L,0.258119,0,0,0
Chad Green,RP,L,R,-0.00475,0,0,0
Nestor Cortes,SP,R,L,0.473592,0,0,0
Kyle Farmer,1B/2B/3B,R,R,0.095354,0,0,0
Josh Rojas,3B/2B,L,R,0.482883,0,0,0
Jacob Stallings,C,R,R,-0.21825,0,0,0
LaMonte Wade Jr.,1B/RF/LF,L,L,0.377305,0,0,0
Anthony Kay,SP,L,L,1.196574,1,5000000,5000000
Alex Cobb,SP,R,R,1.167632,0,0,0
Cody Ponce,SP,R,R,0.995678,2,16000000,8000000
Tatsuya Imai,SP,R,R,0.995678,4,64000000,16000000
Jordan Montgomery,RP,L,L,0.917793,1,10000000,10000000
Foster Griffin,SP,R,L,0.746828,1,5000000,5000000
Alek Manoah,SP,R,R,0.693181,0,0,0
John Means,SP,L,L,0.539261,0,0,0
Sam Hentges,RP,L,L,0.392367,0,0,0
Jason Foley,RP,R,R,0.359227,0,0,0
Josh Sborz,RP,R,R,0.236729,0,0,0
Nick Madrigal,2B/3B,R,R,0.174254,0,0,0
Tom Murphy,C,R,R,0.171388,0,0,0
Keegan Thompson,RP,R,R,0.13034,0,0,0
Derek Law,RP,R,R,0.097773,0,0,0
Drew Smith,RP,R,R,-0.03282,0,0,0
Kazuma Okamoto,3B/1B,R,R,-0.1722,3,48000000,16000000
Munetaka Murakami,3B/1B,L,R,-0.39184,6,1.32E+08,22000000
Kyle Keller,RP,R,R,0,0,0,0
Jake Cousins,RP,R,R,0,0,0,0